<org.simbrain.network.interfaces.RootNetwork>
  <rootNetwork reference=".."/>
  <id></id>
  <neuronList>
    <org.simbrain.network.interfaces.Neuron>
      <updateRule class="org.simbrain.network.neurons.ClampedNeuron"/>
      <id>Neuron_1</id>
      <label></label>
      <activation>1.0</activation>
      <lowerBound>0.0</lowerBound>
      <upperBound>1.0</upperBound>
      <increment>1.0</increment>
      <buffer>0.0</buffer>
      <inputValue>0.0</inputValue>
      <parent class="org.simbrain.network.interfaces.RootNetwork" reference="../../.."/>
      <x>50.0</x>
      <y>100.0</y>
      <clamped>false</clamped>
      <targetValue>0.0</targetValue>
      <updatePriority>0</updatePriority>
    </org.simbrain.network.interfaces.Neuron>
    <org.simbrain.network.interfaces.Neuron>
      <updateRule class="org.simbrain.network.neurons.ClampedNeuron"/>
      <id>Neuron_2</id>
      <label></label>
      <activation>1.0</activation>
      <lowerBound>0.0</lowerBound>
      <upperBound>1.0</upperBound>
      <increment>1.0</increment>
      <buffer>0.0</buffer>
      <inputValue>0.0</inputValue>
      <parent class="org.simbrain.network.interfaces.RootNetwork" reference="../../.."/>
      <x>100.0</x>
      <y>100.0</y>
      <clamped>false</clamped>
      <targetValue>0.0</targetValue>
      <updatePriority>0</updatePriority>
    </org.simbrain.network.interfaces.Neuron>
    <org.simbrain.network.interfaces.Neuron>
      <updateRule class="org.simbrain.network.neurons.SigmoidalNeuron">
        <type>LOGISTIC</type>
        <bias>-5.288029693515737</bias>
        <slope>1.0</slope>
        <noiseGenerator>
          <distributionIndex>0</distributionIndex>
          <upperBound>1.0</upperBound>
          <lowerBound>-1.0</lowerBound>
          <mean>0.5</mean>
          <standardDeviation>0.5</standardDeviation>
          <clipping>false</clipping>
          <randomGenerator serialization="custom">
            <java.util.Random>
              <default>
                <seed>177992032412735</seed>
                <nextNextGaussian>0.0</nextNextGaussian>
                <haveNextNextGaussian>false</haveNextNextGaussian>
              </default>
            </java.util.Random>
          </randomGenerator>
        </noiseGenerator>
        <addNoise>false</addNoise>
      </updateRule>
      <id>Neuron_3</id>
      <label></label>
      <activation>0.00411257173800408</activation>
      <lowerBound>0.0</lowerBound>
      <upperBound>1.0</upperBound>
      <increment>0.1</increment>
      <buffer>0.00411257173800408</buffer>
      <inputValue>0.0</inputValue>
      <parent class="org.simbrain.network.interfaces.RootNetwork" reference="../../.."/>
      <x>75.0</x>
      <y>0.0</y>
      <clamped>false</clamped>
      <targetValue>0.0</targetValue>
      <updatePriority>1</updatePriority>
    </org.simbrain.network.interfaces.Neuron>
  </neuronList>
  <synapseList>
    <org.simbrain.network.interfaces.Synapse>
      <parentNetwork class="org.simbrain.network.interfaces.RootNetwork" reference="../../.."/>
      <source reference="../../../neuronList/org.simbrain.network.interfaces.Neuron"/>
      <target reference="../../../neuronList/org.simbrain.network.interfaces.Neuron[3]"/>
      <learningRule class="org.simbrain.network.synapses.ClampedSynapse">
        <clipped>false</clipped>
      </learningRule>
      <id>Synapse_1</id>
      <strength>-10.6324034422424</strength>
      <increment>1.0</increment>
      <upperBound>10.0</upperBound>
      <lowerBound>-10.0</lowerBound>
      <delay>0</delay>
      <sendWeightedInput>true</sendWeightedInput>
    </org.simbrain.network.interfaces.Synapse>
    <org.simbrain.network.interfaces.Synapse>
      <parentNetwork class="org.simbrain.network.interfaces.RootNetwork" reference="../../.."/>
      <source reference="../../../neuronList/org.simbrain.network.interfaces.Neuron[2]"/>
      <target reference="../../../neuronList/org.simbrain.network.interfaces.Neuron[3]"/>
      <learningRule class="org.simbrain.network.synapses.ClampedSynapse">
        <clipped>false</clipped>
      </learningRule>
      <id>Synapse_2</id>
      <strength>10.43084241511866</strength>
      <increment>1.0</increment>
      <upperBound>10.0</upperBound>
      <lowerBound>-10.0</lowerBound>
      <delay>0</delay>
      <sendWeightedInput>true</sendWeightedInput>
    </org.simbrain.network.interfaces.Synapse>
  </synapseList>
  <networkList/>
  <groupList>
    <org.simbrain.network.groups.NeuronLayer>
      <parent reference="../../.."/>
      <neuronList>
        <org.simbrain.network.interfaces.Neuron reference="../../../../neuronList/org.simbrain.network.interfaces.Neuron"/>
        <org.simbrain.network.interfaces.Neuron reference="../../../../neuronList/org.simbrain.network.interfaces.Neuron[2]"/>
      </neuronList>
      <synapseList/>
      <isOn>true</isOn>
      <id>Group_1</id>
      <label>Input Layer</label>
      <type>Input</type>
    </org.simbrain.network.groups.NeuronLayer>
    <org.simbrain.network.groups.NeuronLayer>
      <parent reference="../../.."/>
      <neuronList>
        <org.simbrain.network.interfaces.Neuron reference="../../../../neuronList/org.simbrain.network.interfaces.Neuron[3]"/>
      </neuronList>
      <synapseList/>
      <isOn>true</isOn>
      <id>Group_2</id>
      <label>Output Layer</label>
      <type>Output</type>
    </org.simbrain.network.groups.NeuronLayer>
  </groupList>
  <timeStep defined-in="org.simbrain.network.interfaces.Network">0.2</timeStep>
  <roundOffActivationValues>false</roundOffActivationValues>
  <precision>0</precision>
  <updatePriority>0</updatePriority>
  <time>0.0</time>
  <timeStep>0.01</timeStep>
  <clampWeights>false</clampWeights>
  <clampNeurons>false</clampNeurons>
  <timeType>DISCRETE</timeType>
  <updateMethod>BUFFERED</updateMethod>
  <textList/>
  <prioritySortedNeuronList/>
  <priorityComparator>
    <outer-class reference="../.."/>
  </priorityComparator>
  <networkIdGenerator>
    <rootName>Network</rootName>
    <index>1</index>
  </networkIdGenerator>
  <neuronIdGenerator>
    <rootName>Neuron</rootName>
    <index>4</index>
  </neuronIdGenerator>
  <synapseIdGenerator>
    <rootName>Synapse</rootName>
    <index>3</index>
  </synapseIdGenerator>
  <groupIdGenerator>
    <rootName>Group</rootName>
    <index>3</index>
  </groupIdGenerator>
</org.simbrain.network.interfaces.RootNetwork>